<?xml version="1.0" encoding="utf-8" ?>
<dwsync>
<file name="row24.png" server="C:/xampp/htdocs/" local="129979841300000000" remote="129979841300000000" />
<file name="pull24-dark.png" server="C:/xampp/htdocs/" local="129979841300000000" remote="129979841300000000" />
<file name="fondo.jpg" server="C:/xampp/htdocs/" local="129979841300000000" remote="129979841300000000" />
<file name="myface.jpg" server="C:/xampp/htdocs/" local="129979841300000000" remote="129979841300000000" />
<file name="hotmail.jpg" server="C:/xampp/htdocs/" local="129980896127371499" remote="129980896120000000" />
<file name="logo.jpg" server="C:/xampp/htdocs/" local="129980955715639753" remote="129980955710000000" />
<file name="Calendar128.png" server="C:/xampp/htdocs/" local="129979841300000000" remote="129979841300000000" />
<file name="fork-32.png" server="C:/xampp/htdocs/" local="129979841300000000" remote="129979841300000000" />
<file name="cartucho.jpg" server="C:/xampp/htdocs/" local="129980604060000000" remote="129980604060000000" />
</dwsync>